,DATE,DailyWindSpeed,DailyPrecipitation
0,2009-01-06,8.857142857142858,0.12
1,2009-01-07,10.387096774193548,1.82
2,2009-01-10,9.25,0.41000000000000003
3,2009-01-11,8.76923076923077,0.51
4,2009-01-15,7.0,0.1
5,2009-01-17,4.411764705882353,12.49
6,2009-01-18,4.909090909090909,5.4
7,2009-01-28,8.306122448979592,2.17
8,2009-02-03,8.24,0.5
9,2009-02-11,10.0,0.02
10,2009-02-12,6.0,0.36
11,2009-02-18,6.866666666666666,0.45
12,2009-02-19,6.0,0.01
13,2009-02-22,8.714285714285714,0.08
14,2009-02-27,8.666666666666666,0.04
15,2009-03-01,11.0,0.27
16,2009-03-02,11.68,0.9
17,2009-03-06,7.0,0.01
18,2009-03-09,8.0,0.15
19,2009-03-10,1.5,0.02
20,2009-03-19,7.0,0.15000000000000002
21,2009-03-20,6.5,0.12
22,2009-03-26,3.272727272727273,0.55
23,2009-03-28,7.0,0.04
24,2009-03-29,9.2,0.5900000000000001
25,2009-04-01,5.6875,0.66
26,2009-04-02,3.0,0.02
27,2009-04-03,8.290322580645162,1.84
28,2009-04-06,7.666666666666667,1.35
29,2009-04-11,9.333333333333334,0.9500000000000001
30,2009-04-14,11.875,0.18000000000000002
31,2009-04-15,13.0,0.23
32,2009-04-20,13.5,3.65
33,2009-04-21,6.8,0.12000000000000001
34,2009-04-22,4.333333333333333,0.05
35,2009-05-01,5.588235294117647,1.43
36,2009-05-02,7.0,0.13
37,2009-05-03,3.2857142857142856,0.82
38,2009-05-04,4.254545454545455,0.95
39,2009-05-05,10.035714285714286,0.72
40,2009-05-06,6.380952380952381,2.23
41,2009-05-07,2.260869565217391,3.46
42,2009-05-09,3.6666666666666665,2.0500000000000003
43,2009-05-14,6.0,0.05
44,2009-05-16,2.5714285714285716,0.31
45,2009-05-17,0.8571428571428571,0.13999999999999999
46,2009-05-28,0.0,0.06
47,2009-05-29,0.8571428571428571,1.16
48,2009-06-02,4.0,0.17
49,2009-06-03,2.6875,0.93
50,2009-06-04,2.8461538461538463,1.21
51,2009-06-05,8.8125,1.1300000000000001
52,2009-06-08,6.0,0.02
53,2009-06-09,4.416666666666667,4.77
54,2009-06-10,5.5,0.04
55,2009-06-11,7.0,0.22
56,2009-06-12,4.4,2.27
57,2009-06-13,5.2,0.16999999999999998
58,2009-06-14,4.0,0.02
59,2009-06-15,4.785714285714286,1.77
60,2009-06-18,6.953488372093023,5.03
61,2009-06-20,4.590909090909091,0.62
62,2009-06-21,6.0,1.17
63,2009-06-24,2.8666666666666667,0.59
64,2009-06-26,5.181818181818182,0.32
65,2009-06-30,5.375,2.57
66,2009-07-02,4.318181818181818,1.44
67,2009-07-07,5.833333333333333,0.2
68,2009-07-11,7.5,0.96
69,2009-07-12,5.5,0.11
70,2009-07-17,5.0,0.5700000000000001
71,2009-07-18,4.4,0.09
72,2009-07-21,7.379310344827586,2.2600000000000002
73,2009-07-23,8.466666666666667,0.79
74,2009-07-24,4.0,0.08
75,2009-07-26,5.647058823529412,4.3
76,2009-07-27,5.5,1.85
77,2009-07-29,5.846153846153846,5.38
78,2009-07-31,5.904761904761905,1.73
79,2009-08-02,5.041666666666667,3.0100000000000002
80,2009-08-09,6.0,0.01
81,2009-08-10,5.25,1.56
82,2009-08-13,5.0,0.02
83,2009-08-18,5.428571428571429,4.0
84,2009-08-21,7.4,0.47
85,2009-08-22,4.0625,1.58
86,2009-08-23,0.0,0.02
87,2009-08-26,3.0,0.03
88,2009-08-28,4.433333333333334,0.98
89,2009-08-29,5.55,0.89
90,2009-09-11,14.227272727272727,2.42
91,2009-09-12,6.333333333333333,0.05
92,2009-09-17,8.5,0.02
93,2009-09-24,9.0,0.03
94,2009-09-26,1.8888888888888888,0.3
95,2009-09-27,4.325581395348837,2.2
96,2009-09-28,6.2,0.37
97,2009-10-02,6.25,0.1
98,2009-10-03,4.642857142857143,0.9500000000000001
99,2009-10-07,6.0,0.29000000000000004
100,2009-10-09,5.0,0.04
101,2009-10-15,13.0625,0.62
102,2009-10-16,11.166666666666666,0.06
103,2009-10-17,7.0,0.04
104,2009-10-18,9.75,0.33
105,2009-10-23,9.0,0.17
106,2009-10-24,6.181818181818182,6.3
107,2009-10-27,7.2727272727272725,1.04
108,2009-10-28,9.32258064516129,2.07
109,2009-10-31,6.35,0.43
110,2009-11-01,5.0,0.01
111,2009-11-12,13.8,0.07
112,2009-11-13,14.0,0.03
113,2009-11-14,6.739130434782608,0.86
114,2009-11-15,1.5,0.04
115,2009-11-19,7.0,0.24
116,2009-11-20,6.357142857142857,1.53
117,2009-11-25,2.8181818181818183,0.11
118,2009-11-30,5.090909090909091,0.46
119,2009-12-02,8.666666666666666,0.8300000000000001
120,2009-12-03,11.533333333333333,1.79
121,2009-12-05,8.555555555555555,1.15
122,2009-12-09,11.0,2.5
123,2009-12-13,6.653846153846154,2.07
124,2009-12-19,11.571428571428571,0.8400000000000001
125,2009-12-20,7.071428571428571,0.56
126,2009-12-25,12.833333333333334,0.39
127,2009-12-26,11.813953488372093,3.12
128,2009-12-27,8.466666666666667,0.78
129,2009-12-31,2.8421052631578947,0.44
0,2010-01-01,4.2,0.05
1,2010-01-08,6.666666666666667,0.04
2,2010-01-17,1.0,1.02
3,2010-01-24,0.0,0.03
4,2010-01-25,3.8333333333333335,0.13
5,2010-01-28,4.75,0.16
6,2010-02-02,2.6666666666666665,0.04
7,2010-02-03,5.111111111111111,0.11
8,2010-02-10,12.522727272727273,2.0
9,2010-02-16,5.230769230769231,0.57
10,2010-02-22,8.0,0.03
11,2010-02-23,13.69767441860465,1.99
12,2010-02-24,10.95,0.77
13,2010-02-25,3.0,2.89
14,2010-02-26,0.6666666666666666,0.18
15,2010-03-02,7.0,0.02
16,2010-03-03,12.833333333333334,0.07
17,2010-03-12,10.214285714285714,0.27
18,2010-03-13,22.46938775510204,6.68
19,2010-03-14,14.272727272727273,0.28
20,2010-03-15,8.833333333333334,0.5
21,2010-03-22,5.622222222222222,3.3
22,2010-03-23,4.153846153846154,0.31
23,2010-03-26,6.125,0.18
24,2010-03-28,9.2,0.48
25,2010-03-29,6.142857142857143,3.26
26,2010-03-30,10.826086956521738,4.7
27,2010-03-31,8.0,0.01
28,2010-04-09,4.5,0.55
29,2010-04-16,3.2666666666666666,0.85
30,2010-04-17,0.0,0.02
31,2010-04-21,6.0,0.03
32,2010-04-25,5.466666666666667,3.47
33,2010-04-26,7.571428571428571,1.34
34,2010-04-27,9.0,0.11000000000000001
35,2010-05-03,2.7142857142857144,3.74
36,2010-05-08,0.0,0.04
37,2010-05-11,3.0,0.02
38,2010-05-12,8.055555555555555,0.73
39,2010-05-14,2.4,0.1
40,2010-05-18,10.03125,1.72
41,2010-05-24,3.75,0.06
42,2010-05-27,4.5,0.06
43,2010-06-06,11.0,0.04
44,2010-06-09,6.483870967741935,2.06
45,2010-06-10,2.75,0.77
46,2010-06-13,5.230769230769231,1.02
47,2010-06-14,3.3333333333333335,0.03
48,2010-06-17,6.0,1.05
49,2010-06-22,6.4,1.07
50,2010-06-28,3.0,0.01
51,2010-07-09,5.0,0.07
52,2010-07-13,6.857142857142857,2.39
53,2010-07-14,4.823529411764706,1.7500000000000002
54,2010-07-19,0.8333333333333334,0.4
55,2010-07-23,1.8181818181818181,2.23
56,2010-07-25,3.3,0.9900000000000001
57,2010-07-29,4.571428571428571,0.18
58,2010-08-05,6.0,0.02
59,2010-08-12,4.333333333333333,0.09
60,2010-08-15,4.75,0.31
61,2010-08-16,4.8,0.24
62,2010-08-22,5.365853658536586,5.1
63,2010-08-23,6.7272727272727275,3.09
64,2010-08-24,6.666666666666667,0.03
65,2010-08-25,3.8181818181818183,2.22
66,2010-09-12,6.3076923076923075,0.23
67,2010-09-13,4.222222222222222,0.29
68,2010-09-16,6.0,0.88
69,2010-09-17,5.5,0.1
70,2010-09-22,5.75,0.31
71,2010-09-27,0.0,2.86
72,2010-09-28,9.0,0.01
73,2010-09-30,7.3076923076923075,1.8
74,2010-10-01,5.923076923076923,0.44
75,2010-10-03,8.5,0.03
76,2010-10-04,8.041666666666666,1.15
77,2010-10-11,3.909090909090909,2.95
78,2010-10-12,2.5555555555555554,0.18
79,2010-10-14,1.5,1.45
80,2010-10-15,6.75,0.04
81,2010-10-18,9.0,0.02
82,2010-10-19,1.5,0.03
83,2010-10-21,5.0,0.01
84,2010-10-27,5.733333333333333,0.52
85,2010-11-04,8.903225806451612,1.86
86,2010-11-05,4.5,0.05
87,2010-11-08,12.0,0.05
88,2010-11-16,6.8125,0.8099999999999999
89,2010-11-17,8.375,0.37000000000000005
90,2010-11-25,0.5,0.08
91,2010-11-26,4.866666666666666,0.31
92,2010-11-30,8.0,0.09
93,2010-12-01,12.114285714285714,3.59
94,2010-12-12,7.791666666666667,2.83
95,2010-12-13,1.6,0.1
96,2010-12-14,11.0,0.01
97,2010-12-26,12.31578947368421,1.92
98,2010-12-27,14.11111111111111,0.41
0,2011-01-02,3.0,0.01
1,2011-01-07,4.333333333333333,0.39
2,2011-01-11,8.166666666666666,0.5700000000000001
3,2011-01-12,7.888888888888889,0.8200000000000001
4,2011-01-18,10.527777777777779,1.85
5,2011-01-19,4.25,0.07
6,2011-01-21,4.266666666666667,0.68
7,2011-01-25,6.7894736842105265,1.1400000000000001
8,2011-01-26,10.903225806451612,1.6
9,2011-01-27,1.6428571428571428,1.24
10,2011-01-29,3.0,0.02
11,2011-02-01,9.666666666666666,0.41000000000000003
12,2011-02-02,6.235294117647059,1.57
13,2011-02-05,9.444444444444445,0.19
14,2011-02-07,6.571428571428571,0.25
15,2011-02-08,6.5,0.2
16,2011-02-21,6.538461538461538,0.47
17,2011-02-24,2.6,0.06
18,2011-02-25,5.511627906976744,2.74
19,2011-02-28,9.277777777777779,0.77
20,2011-03-05,6.0,0.01
21,2011-03-06,8.770833333333334,4.86
22,2011-03-07,7.857142857142857,0.21000000000000002
23,2011-03-10,11.275862068965518,2.27
24,2011-03-11,8.826086956521738,2.43
25,2011-03-16,7.916666666666667,0.89
26,2011-03-21,8.5625,0.86
27,2011-03-23,5.6875,1.73
28,2011-03-24,3.3333333333333335,0.15
29,2011-03-30,6.0,0.01
30,2011-03-31,10.545454545454545,0.16
31,2011-04-01,7.125,0.31
32,2011-04-04,6.5,0.06
33,2011-04-05,13.125,0.31
34,2011-04-06,4.571428571428571,0.1
35,2011-04-07,7.5,0.02
36,2011-04-12,11.391304347826088,2.41
37,2011-04-13,15.846153846153847,0.54
38,2011-04-16,12.566666666666666,2.8600000000000003
39,2011-04-17,9.777777777777779,1.25
40,2011-04-19,7.75,0.04
41,2011-04-23,7.75,1.34
42,2011-04-24,0.6666666666666666,1.4
43,2011-04-28,4.923076923076923,0.76
44,2011-05-04,6.7272727272727275,1.32
45,2011-05-15,3.8947368421052633,2.08
46,2011-05-16,12.428571428571429,0.38
47,2011-05-17,14.818181818181818,0.62
48,2011-05-18,6.978260869565218,5.91
49,2011-05-20,1.0,0.49
50,2011-05-21,7.0,0.09000000000000001
51,2011-05-23,3.2222222222222223,0.28
52,2011-05-30,2.1666666666666665,0.38
53,2011-06-09,2.3333333333333335,0.07
54,2011-06-11,9.428571428571429,1.17
55,2011-06-12,0.0,0.01
56,2011-06-13,4.5,0.18
57,2011-06-14,3.0,0.18
58,2011-06-17,4.588235294117647,6.38
59,2011-06-22,3.6,0.8500000000000001
60,2011-06-23,5.818181818181818,0.73
61,2011-06-24,1.0,0.05
62,2011-06-29,3.2,0.14
63,2011-07-03,3.6666666666666665,1.5
64,2011-07-08,4.555555555555555,0.74
65,2011-07-13,4.75,0.42
66,2011-07-18,3.75,0.35
67,2011-07-24,5.666666666666667,0.09
68,2011-07-25,5.111111111111111,0.5800000000000001
69,2011-07-26,7.0,0.16
70,2011-07-29,3.1904761904761907,2.43
71,2011-08-01,0.0,0.02
72,2011-08-03,3.0416666666666665,2.59
73,2011-08-06,6.1,0.33
74,2011-08-07,4.111111111111111,0.35000000000000003
75,2011-08-09,5.0,5.17
76,2011-08-14,4.43956043956044,16.49
77,2011-08-15,3.0,2.5999999999999996
78,2011-08-16,5.0,0.02
79,2011-08-18,6.666666666666667,0.13
80,2011-08-19,2.0,1.6900000000000002
81,2011-08-21,3.588235294117647,2.43
82,2011-08-25,4.916666666666667,1.33
83,2011-08-27,11.542857142857143,8.0
84,2011-08-28,14.694444444444445,10.38
85,2011-09-06,7.447761194029851,7.68
86,2011-09-07,9.944444444444445,2.73
87,2011-09-08,4.4,1.4000000000000001
88,2011-09-11,0.0,0.01
89,2011-09-15,5.285714285714286,0.14
90,2011-09-20,6.714285714285714,0.13999999999999999
91,2011-09-21,2.5,0.060000000000000005
92,2011-09-22,1.5,0.02
93,2011-09-23,4.357142857142857,5.29
94,2011-09-28,6.333333333333333,0.11
95,2011-09-29,5.3125,1.16
96,2011-09-30,0.6428571428571429,1.95
97,2011-10-01,4.181818181818182,0.6900000000000001
98,2011-10-02,4.2,0.11
99,2011-10-03,0.0,0.05
100,2011-10-12,12.25,1.71
101,2011-10-13,7.1875,0.86
102,2011-10-14,4.625,2.03
103,2011-10-18,3.0,0.01
104,2011-10-19,11.5,0.9
105,2011-10-27,6.358974358974359,1.24
106,2011-10-29,8.947368421052632,3.08
107,2011-10-30,3.0,0.01
108,2011-11-10,6.5,0.03
109,2011-11-11,7.5,0.03
110,2011-11-16,3.107142857142857,1.59
111,2011-11-17,5.4,0.12
112,2011-11-21,2.75,0.12000000000000001
113,2011-11-22,8.071428571428571,2.0
114,2011-11-23,5.875,1.2
115,2011-11-29,8.473684210526315,0.91
116,2011-12-06,6.111111111111111,0.36
117,2011-12-07,4.222222222222222,3.42
118,2011-12-08,10.2,0.25
119,2011-12-20,3.0,0.01
120,2011-12-21,11.666666666666666,0.31
121,2011-12-22,3.0,0.05
122,2011-12-23,3.388888888888889,2.09
123,2011-12-27,11.238095238095237,1.79
124,2011-12-31,9.0,0.01
0,2012-01-01,6.0,0.05
1,2012-01-11,9.0,0.07
2,2012-01-12,11.794117647058824,3.24
3,2012-01-13,3.75,0.29
4,2012-01-16,6.5,0.03
5,2012-01-17,6.846153846153846,0.26
6,2012-01-21,11.714285714285714,0.8300000000000001
7,2012-01-23,7.909090909090909,1.1600000000000001
8,2012-01-26,5.615384615384615,0.24
9,2012-01-27,6.642857142857143,0.7999999999999999
10,2012-02-01,9.0,0.03
11,2012-02-08,0.0,0.02
12,2012-02-11,2.1,0.13
13,2012-02-14,8.0,0.02
14,2012-02-15,0.0,0.01
15,2012-02-16,5.6875,0.32
16,2012-02-17,4.5,0.060000000000000005
17,2012-02-18,6.5,0.04
18,2012-02-24,8.5,1.25
19,2012-02-29,2.347826086956522,0.88
20,2012-03-01,0.0,0.15
21,2012-03-02,8.0,0.1
22,2012-03-03,4.444444444444445,0.3
23,2012-03-09,11.0,0.02
24,2012-03-13,1.5,0.04
25,2012-03-16,3.3333333333333335,0.04
26,2012-03-24,6.0,0.01
27,2012-03-25,9.75,0.19
28,2012-03-28,4.0,0.02
29,2012-03-30,3.0,0.08
30,2012-03-31,7.0,0.65
31,2012-04-01,1.2666666666666666,0.8500000000000001
32,2012-04-02,3.3333333333333335,0.09
33,2012-04-18,0.0,0.01
34,2012-04-19,3.5,0.04
35,2012-04-21,11.5,0.34
36,2012-04-22,10.285714285714286,3.77
37,2012-04-23,7.461538461538462,0.44
38,2012-04-26,4.4,0.06
39,2012-04-27,6.0,0.12
40,2012-05-01,4.785714285714286,1.3900000000000001
41,2012-05-02,5.2727272727272725,0.16
42,2012-05-03,3.5,1.6400000000000001
43,2012-05-04,2.4285714285714284,0.44
44,2012-05-07,7.0,0.01
45,2012-05-08,2.5,0.03
46,2012-05-09,3.0,0.53
47,2012-05-10,2.2,0.12
48,2012-05-15,4.7272727272727275,0.5700000000000001
49,2012-05-16,0.9,0.13999999999999999
50,2012-05-21,7.933333333333334,3.31
51,2012-05-22,6.666666666666667,0.25
52,2012-05-23,3.0,0.03
53,2012-05-24,4.666666666666667,2.25
54,2012-05-26,0.0,0.02
55,2012-05-27,4.333333333333333,0.14
56,2012-05-29,1.5,0.18000000000000002
57,2012-05-30,5.0,0.01
58,2012-06-01,7.5,0.24000000000000002
59,2012-06-02,5.909090909090909,1.0
60,2012-06-03,5.0,0.01
61,2012-06-04,7.5,0.43
62,2012-06-06,0.0,0.01
63,2012-06-07,0.0,0.01
64,2012-06-12,4.4,1.6
65,2012-06-13,6.529411764705882,0.89
66,2012-06-22,3.3333333333333335,0.56
67,2012-06-24,3.0,0.06
68,2012-06-25,3.3,0.27
69,2012-06-29,1.0,0.62
70,2012-07-04,0.0,0.06
71,2012-07-07,2.25,2.23
72,2012-07-08,4.0,0.11
73,2012-07-15,6.5,0.65
74,2012-07-18,5.230769230769231,4.27
75,2012-07-19,2.5,0.02
76,2012-07-20,8.52,1.35
77,2012-07-23,5.444444444444445,0.26
78,2012-07-26,5.916666666666667,1.4500000000000002
79,2012-07-28,5.7,0.61
80,2012-07-29,3.0,0.01
81,2012-07-31,2.4,0.0
82,2012-08-01,1.7241379310344827,1.53
83,2012-08-02,2.652173913043478,0.0
84,2012-08-03,3.5416666666666665,0.0
85,2012-08-04,3.0952380952380953,0.0
86,2012-08-05,6.041666666666667,0.56
87,2012-08-06,3.590909090909091,0.01
88,2012-08-07,1.875,0.0
89,2012-08-08,1.0833333333333333,0.0
90,2012-08-09,2.8636363636363638,0.0
91,2012-08-10,4.166666666666667,0.44000000000000006
92,2012-08-11,4.565217391304348,0.0
93,2012-08-12,4.708333333333333,0.0
94,2012-08-13,4.304347826086956,0.0
95,2012-08-14,2.2,0.01
96,2012-08-15,3.1515151515151514,1.03
97,2012-08-16,3.4347826086956523,0.0
98,2012-08-17,4.074074074074074,0.3
99,2012-08-18,3.65625,0.71
100,2012-08-19,1.25,0.0
101,2012-08-20,1.125,0.0
102,2012-08-21,3.25,0.0
103,2012-08-22,1.8181818181818181,0.0
104,2012-08-23,2.1363636363636362,0.0
105,2012-08-24,1.9583333333333333,0.0
106,2012-08-25,3.5217391304347827,0.0
107,2012-08-26,4.695652173913044,0.0
108,2012-08-27,4.0,1.28
109,2012-08-28,6.16,0.33
110,2012-08-29,4.541666666666667,0.0
111,2012-08-30,3.590909090909091,0.0
112,2012-08-31,4.636363636363637,0.0
113,2012-09-01,5.045454545454546,0.0
114,2012-09-02,2.7083333333333335,0.0
115,2012-09-03,6.636363636363637,0.0
116,2012-09-04,3.88,0.19
117,2012-09-05,3.9166666666666665,0.16
118,2012-09-06,2.2916666666666665,0.0
119,2012-09-07,2.9583333333333335,0.0
120,2012-09-08,5.142857142857143,1.25
121,2012-09-09,3.1363636363636362,0.0
122,2012-09-10,5.130434782608695,0.0
123,2012-09-11,2.75,0.0
124,2012-09-12,3.1818181818181817,0.0
125,2012-09-13,2.4285714285714284,0.0
126,2012-09-14,3.782608695652174,0.0
127,2012-09-15,4.428571428571429,0.01
128,2012-09-16,2.1363636363636362,0.0
129,2012-09-17,2.9130434782608696,0.0
130,2012-09-18,6.2,1.66
131,2012-09-19,5.173913043478261,0.0
132,2012-09-20,5.565217391304348,0.0
133,2012-09-21,4.818181818181818,0.0
134,2012-09-22,3.4761904761904763,0.28
135,2012-09-23,6.2272727272727275,0.0
136,2012-09-24,4.083333333333333,0.0
137,2012-09-25,6.2272727272727275,0.0
138,2012-09-26,4.090909090909091,0.01
139,2012-09-27,2.409090909090909,0.06
140,2012-09-28,3.533333333333333,4.28
141,2012-09-29,2.4583333333333335,0.0
142,2012-09-30,2.5217391304347827,0.0
143,2012-10-01,4.478260869565218,0.0
144,2012-10-02,3.303030303030303,0.68
145,2012-10-03,1.4583333333333333,0.0
146,2012-10-04,0.7142857142857143,0.0
147,2012-10-05,3.217391304347826,0.0
148,2012-10-06,5.681818181818182,0.0
149,2012-10-07,1.9,0.2
150,2012-10-08,3.0,0.0
151,2012-10-09,6.44,0.06
152,2012-10-10,6.0,0.4
153,2012-10-11,5.666666666666667,0.0
154,2012-10-12,6.0,0.0
155,2012-10-13,3.4545454545454546,0.0
156,2012-10-14,6.238095238095238,0.0
157,2012-10-15,5.37037037037037,0.59
158,2012-10-16,5.478260869565218,0.0
159,2012-10-17,1.8333333333333333,0.0
160,2012-10-18,4.285714285714286,0.0
161,2012-10-19,5.45945945945946,1.9100000000000001
162,2012-10-20,3.380952380952381,0.0
163,2012-10-21,6.045454545454546,0.0
164,2012-10-22,4.190476190476191,0.0
165,2012-10-23,0.0,0.03
166,2012-10-24,5.7,0.0
167,2012-10-25,3.125,0.0
168,2012-10-26,1.4583333333333333,0.0
169,2012-10-27,6.458333333333333,0.0
170,2012-10-28,11.666666666666666,0.0
171,2012-10-29,19.487179487179485,1.44
172,2012-10-30,8.0,0.45999999999999996
173,2012-10-31,5.333333333333333,0.01
174,2012-11-01,5.904761904761905,0.0
175,2012-11-02,6.6521739130434785,0.0
176,2012-11-03,8.416666666666666,0.0
177,2012-11-04,6.666666666666667,0.0
178,2012-11-05,4.7727272727272725,0.0
179,2012-11-06,5.625,0.0
180,2012-11-07,10.294117647058824,1.3900000000000001
181,2012-11-08,7.1923076923076925,0.11
182,2012-11-09,7.909090909090909,0.0
183,2012-11-10,1.5,0.0
184,2012-11-11,2.5,0.0
185,2012-11-12,4.363636363636363,0.0
186,2012-11-13,6.1,0.15
187,2012-11-14,6.478260869565218,0.0
188,2012-11-15,4.916666666666667,0.0
189,2012-11-16,5.130434782608695,0.0
190,2012-11-17,5.208333333333333,0.0
191,2012-11-18,6.375,0.0
192,2012-11-19,5.666666666666667,0.0
193,2012-11-20,4.083333333333333,0.0
194,2012-11-21,4.458333333333333,0.0
195,2012-11-22,2.5416666666666665,0.0
196,2012-11-23,5.045454545454546,0.01
197,2012-11-24,10.136363636363637,0.0
198,2012-11-25,6.818181818181818,0.0
199,2012-11-26,5.391304347826087,0.0
200,2012-11-27,6.21875,0.8400000000000001
201,2012-11-28,5.571428571428571,0.0
202,2012-11-29,6.6521739130434785,0.0
203,2012-11-30,5.666666666666667,0.0
204,2012-12-01,8.875,0.0
205,2012-12-02,2.5714285714285716,0.04
206,2012-12-03,3.761904761904762,0.0
207,2012-12-04,2.8076923076923075,0.14
208,2012-12-05,7.857142857142857,0.0
209,2012-12-06,3.227272727272727,0.0
210,2012-12-07,2.8076923076923075,0.22
211,2012-12-08,2.5,0.55
212,2012-12-09,7.695652173913044,0.32
213,2012-12-10,3.5833333333333335,0.05
214,2012-12-11,5.818181818181818,0.07
215,2012-12-12,3.25,0.0
216,2012-12-13,1.4782608695652173,0.0
217,2012-12-14,5.25,0.0
218,2012-12-15,3.7916666666666665,0.0
219,2012-12-16,9.757575757575758,0.74
220,2012-12-17,9.62962962962963,0.34
221,2012-12-18,7.515151515151516,1.44
222,2012-12-19,9.227272727272727,0.0
223,2012-12-20,5.090909090909091,0.02
224,2012-12-21,11.222222222222221,0.86
225,2012-12-22,12.08695652173913,0.0
226,2012-12-23,6.956521739130435,0.0
227,2012-12-24,3.4444444444444446,0.12
228,2012-12-25,5.892857142857143,0.1
229,2012-12-26,15.789473684210526,2.19
230,2012-12-27,14.571428571428571,1.3800000000000001
231,2012-12-28,7.380952380952381,0.0
232,2012-12-29,6.966666666666667,0.37
233,2012-12-30,11.347826086956522,0.0
234,2012-12-31,7.523809523809524,0.0
0,2013-01-01,7.0,0.0
1,2013-01-02,5.809523809523809,0.0
2,2013-01-03,4.5,0.0
3,2013-01-04,7.956521739130435,0.0
4,2013-01-05,6.625,0.0
5,2013-01-06,6.894736842105263,0.0
6,2013-01-07,5.363636363636363,0.0
7,2013-01-08,6.521739130434782,0.0
8,2013-01-09,4.095238095238095,0.0
9,2013-01-10,6.666666666666667,0.0
10,2013-01-11,4.551724137931035,0.85
11,2013-01-12,3.8461538461538463,0.05
12,2013-01-13,2.6666666666666665,0.0
13,2013-01-14,5.777777777777778,0.09
14,2013-01-15,6.909090909090909,0.12
15,2013-01-16,5.0344827586206895,0.86
16,2013-01-17,5.666666666666667,0.0
17,2013-01-18,6.545454545454546,0.0
18,2013-01-19,9.772727272727273,0.0
19,2013-01-20,10.666666666666666,0.0
20,2013-01-21,5.217391304347826,0.0
21,2013-01-22,10.391304347826088,0.0
22,2013-01-23,7.826086956521739,0.0
23,2013-01-24,8.375,0.0
24,2013-01-25,6.133333333333334,0.2
25,2013-01-26,6.809523809523809,0.0
26,2013-01-27,5.791666666666667,0.0
27,2013-01-28,5.130434782608695,0.35000000000000003
28,2013-01-29,3.9166666666666665,0.18
29,2013-01-30,5.2,0.05
30,2013-01-31,12.3,2.27
31,2013-02-01,8.65,0.0
32,2013-02-02,6.15,0.03
33,2013-02-03,3.772727272727273,0.02
34,2013-02-04,7.285714285714286,0.0
35,2013-02-05,5.238095238095238,0.04
36,2013-02-06,4.636363636363637,0.0
37,2013-02-07,6.125,0.0
38,2013-02-08,13.568181818181818,1.78
39,2013-02-09,8.478260869565217,0.33
40,2013-02-10,3.0833333333333335,0.0
41,2013-02-11,3.5,0.78
42,2013-02-12,8.545454545454545,0.0
43,2013-02-13,3.48,0.06
44,2013-02-14,3.9545454545454546,0.0
45,2013-02-15,6.125,0.0
46,2013-02-16,7.05,0.030000000000000002
47,2013-02-17,12.318181818181818,0.0
48,2013-02-18,8.130434782608695,0.0
49,2013-02-19,6.375,0.17
50,2013-02-20,11.91304347826087,0.0
51,2013-02-21,10.0,0.0
52,2013-02-22,7.0,0.0
53,2013-02-23,8.807692307692308,0.36
54,2013-02-24,6.666666666666667,0.03
55,2013-02-25,4.739130434782608,0.0
56,2013-02-26,7.318181818181818,0.14
57,2013-02-27,13.211538461538462,3.0300000000000002
58,2013-02-28,4.454545454545454,0.0
59,2013-03-01,5.217391304347826,0.0
60,2013-03-02,7.428571428571429,0.0
61,2013-03-03,7.571428571428571,0.0
62,2013-03-04,10.130434782608695,0.0
63,2013-03-05,7.130434782608695,0.0
64,2013-03-06,15.541666666666666,0.0
65,2013-03-07,8.92,0.34
66,2013-03-08,6.973684210526316,0.75
67,2013-03-09,6.208333333333333,0.0
68,2013-03-10,4.782608695652174,0.0
69,2013-03-11,6.545454545454546,0.0
70,2013-03-12,9.17142857142857,1.52
71,2013-03-13,6.391304347826087,0.0
72,2013-03-14,11.416666666666666,0.0
73,2013-03-15,7.954545454545454,0.0
74,2013-03-16,3.787878787878788,0.26
75,2013-03-17,6.0476190476190474,0.0
76,2013-03-18,9.517241379310345,0.81
77,2013-03-19,9.24,0.5
78,2013-03-20,8.15,0.0
79,2013-03-21,6.428571428571429,0.0
80,2013-03-22,8.818181818181818,0.0
81,2013-03-23,9.565217391304348,0.0
82,2013-03-24,5.125,0.0
83,2013-03-25,7.793103448275862,0.27
84,2013-03-26,4.6521739130434785,0.0
85,2013-03-27,5.7368421052631575,0.0
86,2013-03-28,5.75,0.0
87,2013-03-29,5.541666666666667,0.0
88,2013-03-30,4.25,0.0
89,2013-03-31,5.68,0.1
90,2013-04-01,6.333333333333333,0.0
91,2013-04-02,9.619047619047619,0.0
92,2013-04-03,10.791666666666666,0.0
93,2013-04-04,5.954545454545454,0.0
94,2013-04-05,5.5,0.0
95,2013-04-06,5.909090909090909,0.0
96,2013-04-07,7.478260869565218,0.0
97,2013-04-08,4.217391304347826,0.0
98,2013-04-09,5.2272727272727275,0.0
99,2013-04-10,4.037037037037037,0.59
100,2013-04-11,6.173913043478261,0.0
101,2013-04-12,11.242424242424242,1.04
102,2013-04-13,2.9166666666666665,0.03
103,2013-04-14,5.684210526315789,0.0
104,2013-04-15,5.809523809523809,0.0
105,2013-04-16,6.416666666666667,0.0
106,2013-04-17,5.2727272727272725,0.02
107,2013-04-18,6.260869565217392,0.01
108,2013-04-19,7.28,0.060000000000000005
109,2013-04-20,8.173913043478262,0.08
110,2013-04-21,5.0,0.0
111,2013-04-22,9.625,0.0
112,2013-04-23,8.75,0.0
113,2013-04-24,4.833333333333333,0.0
114,2013-04-25,5.260869565217392,0.0
115,2013-04-26,3.3043478260869565,0.0
116,2013-04-27,4.708333333333333,0.0
117,2013-04-28,4.291666666666667,0.0
118,2013-04-29,5.444444444444445,0.04
119,2013-04-30,5.2272727272727275,0.0
120,2013-05-01,4.590909090909091,0.0
121,2013-05-02,3.4782608695652173,0.0
122,2013-05-03,6.391304347826087,0.0
123,2013-05-04,5.75,0.0
124,2013-05-05,5.666666666666667,0.0
125,2013-05-06,3.5217391304347827,0.0
126,2013-05-07,5.6521739130434785,0.0
127,2013-05-08,5.719298245614035,8.98
128,2013-05-09,3.129032258064516,1.24
129,2013-05-10,3.6956521739130435,0.01
130,2013-05-11,3.3214285714285716,3.6
131,2013-05-12,7.904761904761905,0.0
132,2013-05-13,7.090909090909091,0.0
133,2013-05-14,4.391304347826087,0.0
134,2013-05-15,4.125,0.0
135,2013-05-16,3.5652173913043477,0.0
136,2013-05-17,3.608695652173913,0.0
137,2013-05-18,2.0454545454545454,0.01
138,2013-05-19,5.027027027027027,0.81
139,2013-05-20,1.5,0.0
140,2013-05-21,5.285714285714286,0.0
141,2013-05-22,3.347826086956522,0.0
142,2013-05-23,4.354838709677419,6.45
143,2013-05-24,5.36,0.44
144,2013-05-25,9.0,0.21
145,2013-05-26,8.26086956521739,0.0
146,2013-05-27,3.909090909090909,0.0
147,2013-05-28,2.838709677419355,0.93
148,2013-05-29,1.35,0.0
149,2013-05-30,5.130434782608695,0.0
150,2013-05-31,3.0,0.0
151,2013-06-01,3.75,0.0
152,2013-06-02,6.96,1.53
153,2013-06-03,3.3333333333333335,1.33
154,2013-06-04,5.0,0.0
155,2013-06-05,3.909090909090909,0.0
156,2013-06-06,5.142857142857143,0.13
157,2013-06-07,9.38888888888889,8.49
158,2013-06-08,4.423076923076923,0.81
159,2013-06-09,2.1363636363636362,0.0
160,2013-06-10,6.0,3.22
161,2013-06-11,5.666666666666667,0.29000000000000004
162,2013-06-12,5.363636363636363,0.0
163,2013-06-13,7.454545454545454,2.63
164,2013-06-14,6.125,0.81
165,2013-06-15,3.8181818181818183,0.0
166,2013-06-16,3.9047619047619047,0.0
167,2013-06-17,2.9130434782608696,0.03
168,2013-06-18,3.066666666666667,0.62
169,2013-06-19,5.125,0.0
170,2013-06-20,3.9523809523809526,0.0
171,2013-06-21,5.045454545454546,0.0
172,2013-06-22,4.136363636363637,0.0
173,2013-06-23,4.666666666666667,0.0
174,2013-06-24,4.130434782608695,0.0
175,2013-06-25,3.7,0.0
176,2013-06-26,3.9545454545454546,0.05
177,2013-06-27,4.115384615384615,0.54
178,2013-06-28,5.238095238095238,0.0
179,2013-06-29,3.9545454545454546,0.0
180,2013-06-30,3.0476190476190474,0.0
181,2013-07-01,3.566666666666667,2.7399999999999998
182,2013-07-02,2.5,0.08
183,2013-07-03,3.814814814814815,0.67
184,2013-07-04,4.111111111111111,0.0
185,2013-07-05,4.863636363636363,0.0
186,2013-07-06,4.3478260869565215,0.0
187,2013-07-07,4.2272727272727275,0.0
188,2013-07-08,4.208333333333333,0.88
189,2013-07-09,3.8461538461538463,0.45
190,2013-07-10,4.315789473684211,0.0
191,2013-07-11,3.6363636363636362,0.0
192,2013-07-12,9.870967741935484,0.59
193,2013-07-13,5.37037037037037,0.11
194,2013-07-14,4.041666666666667,0.0
195,2013-07-15,3.4583333333333335,0.0
196,2013-07-16,4.666666666666667,0.0
197,2013-07-17,3.4347826086956523,0.0
198,2013-07-18,3.9130434782608696,0.0
199,2013-07-19,5.055555555555555,0.0
200,2013-07-20,5.65,0.0
201,2013-07-21,4.666666666666667,0.0
202,2013-07-22,5.318181818181818,0.1
203,2013-07-23,3.78125,0.76
204,2013-07-24,4.454545454545454,0.0
205,2013-07-25,8.91304347826087,0.01
206,2013-07-26,5.318181818181818,0.0
207,2013-07-27,3.4347826086956523,0.0
208,2013-07-28,2.130434782608696,0.43
209,2013-07-29,3.6956521739130435,0.01
210,2013-07-30,3.9583333333333335,0.0
211,2013-07-31,2.75,0.0
212,2013-08-01,3.125,1.6099999999999999
213,2013-08-02,4.476190476190476,0.0
214,2013-08-03,3.7333333333333334,0.04
215,2013-08-04,5.173913043478261,0.0
216,2013-08-05,3.375,0.0
217,2013-08-06,2.6363636363636362,0.0
218,2013-08-07,5.470588235294118,0.0
219,2013-08-08,4.533333333333333,1.5
220,2013-08-09,4.095238095238095,0.04
221,2013-08-10,4.666666666666667,0.0
222,2013-08-11,2.4347826086956523,0.0
223,2013-08-12,1.9130434782608696,0.14
224,2013-08-13,2.3448275862068964,1.77
225,2013-08-14,6.083333333333333,0.0
226,2013-08-15,3.5,0.0
227,2013-08-16,1.8333333333333333,0.0
228,2013-08-17,1.9166666666666667,0.0
229,2013-08-18,2.782608695652174,0.0
230,2013-08-19,3.5454545454545454,0.0
231,2013-08-20,2.875,0.0
232,2013-08-21,2.347826086956522,0.0
233,2013-08-22,3.6285714285714286,0.67
234,2013-08-23,5.541666666666667,0.0
235,2013-08-24,4.869565217391305,0.0
236,2013-08-25,4.045454545454546,0.0
237,2013-08-26,5.777777777777778,0.02
238,2013-08-27,4.523809523809524,0.01
239,2013-08-28,2.5,1.01
240,2013-08-29,4.7272727272727275,0.0
241,2013-08-30,4.315789473684211,0.0
242,2013-08-31,4.904761904761905,0.0
243,2013-09-01,2.4545454545454546,0.0
244,2013-09-02,1.0714285714285714,0.13
245,2013-09-03,2.761904761904762,0.06
246,2013-09-04,5.5,0.0
247,2013-09-05,5.608695652173913,0.0
248,2013-09-06,3.608695652173913,0.0
249,2013-09-07,3.5,0.0
250,2013-09-08,6.380952380952381,0.0
251,2013-09-09,4.2727272727272725,0.0
252,2013-09-10,5.818181818181818,0.01
253,2013-09-11,4.5,0.0
254,2013-09-12,4.08,2.04
255,2013-09-13,5.0,0.06
256,2013-09-14,4.695652173913044,0.0
257,2013-09-15,3.9130434782608696,0.0
258,2013-09-16,4.608695652173913,0.030000000000000002
259,2013-09-17,4.565217391304348,0.0
260,2013-09-18,2.5652173913043477,0.0
261,2013-09-19,2.4347826086956523,0.0
262,2013-09-20,3.217391304347826,0.0
263,2013-09-21,4.461538461538462,1.9
264,2013-09-22,5.096774193548387,1.23
265,2013-09-23,4.0476190476190474,0.0
266,2013-09-24,4.043478260869565,0.0
267,2013-09-25,1.7916666666666667,0.0
268,2013-09-26,3.4583333333333335,0.0
269,2013-09-27,4.565217391304348,0.0
270,2013-09-28,4.458333333333333,0.0
271,2013-09-29,2.875,0.0
272,2013-09-30,3.25,0.0
273,2013-10-01,2.0416666666666665,0.0
274,2013-10-02,4.083333333333333,0.0
275,2013-10-03,1.4583333333333333,0.0
276,2013-10-04,3.0,0.0
277,2013-10-05,3.5217391304347827,0.0
278,2013-10-06,6.0,0.0
279,2013-10-07,6.0344827586206895,0.38
280,2013-10-08,6.043478260869565,0.0
281,2013-10-09,8.375,0.0
282,2013-10-10,8.695652173913043,0.0
283,2013-10-11,9.222222222222221,0.09
284,2013-10-12,11.083333333333334,0.0
285,2013-10-13,8.478260869565217,0.0
286,2013-10-14,2.2083333333333335,0.0
287,2013-10-15,2.7083333333333335,0.0
288,2013-10-16,3.1666666666666665,0.0
289,2013-10-17,2.3684210526315788,0.01
290,2013-10-18,6.7727272727272725,0.0
291,2013-10-19,3.4761904761904763,0.02
292,2013-10-20,5.5,0.0
293,2013-10-21,3.9523809523809526,0.0
294,2013-10-22,4.571428571428571,0.0
295,2013-10-23,4.428571428571429,0.0
296,2013-10-24,6.7,0.0
297,2013-10-25,5.090909090909091,0.0
298,2013-10-26,6.411764705882353,0.0
299,2013-10-27,5.190476190476191,0.0
300,2013-10-28,4.3478260869565215,0.0
301,2013-10-29,5.125,0.0
302,2013-10-30,2.0833333333333335,0.0
303,2013-10-31,2.761904761904762,0.1
304,2013-11-01,5.260869565217392,0.19
305,2013-11-02,3.8181818181818183,0.0
306,2013-11-03,6.318181818181818,0.0
307,2013-11-04,6.5,0.0
308,2013-11-05,4.181818181818182,0.0
309,2013-11-06,3.5,0.0
310,2013-11-07,6.0,0.32
311,2013-11-08,8.652173913043478,0.0
312,2013-11-09,5.043478260869565,0.0
313,2013-11-10,7.5,0.0
314,2013-11-11,6.5,0.0
315,2013-11-12,6.35,0.04
316,2013-11-13,6.0,0.0
317,2013-11-14,8.095238095238095,0.0
318,2013-11-15,4.565217391304348,0.0
319,2013-11-16,2.5416666666666665,0.05
320,2013-11-17,3.0,0.09
321,2013-11-18,7.555555555555555,0.58
322,2013-11-19,9.25,0.0
323,2013-11-20,6.913043478260869,0.0
324,2013-11-21,4.913043478260869,0.0
325,2013-11-22,6.380952380952381,0.08
326,2013-11-23,9.125,0.0
327,2013-11-24,12.083333333333334,0.0
328,2013-11-25,5.9523809523809526,0.0
329,2013-11-26,4.866666666666666,0.75
330,2013-11-27,8.902439024390244,3.49
331,2013-11-28,7.130434782608695,0.0
332,2013-11-29,3.8260869565217392,0.0
333,2013-11-30,5.208333333333333,0.0
334,2013-12-01,1.75,0.0
335,2013-12-02,2.9166666666666665,0.0
336,2013-12-03,3.0,0.0
337,2013-12-04,2.6666666666666665,0.0
338,2013-12-05,2.260869565217391,0.01
339,2013-12-06,7.03030303030303,1.27
340,2013-12-07,6.086956521739131,0.15
341,2013-12-08,6.111111111111111,0.15
342,2013-12-09,7.428571428571429,0.67
343,2013-12-10,5.37037037037037,0.38
344,2013-12-11,7.523809523809524,0.0
345,2013-12-12,7.363636363636363,0.0
346,2013-12-13,5.545454545454546,0.0
347,2013-12-14,10.909090909090908,1.27
348,2013-12-15,9.448275862068966,1.81
349,2013-12-16,7.695652173913044,0.0
350,2013-12-17,6.323529411764706,0.43
351,2013-12-18,6.565217391304348,0.0
352,2013-12-19,5.086956521739131,0.0
353,2013-12-20,5.043478260869565,0.0
354,2013-12-21,7.863636363636363,0.01
355,2013-12-22,5.388888888888889,0.0
356,2013-12-23,4.606060606060606,0.97
357,2013-12-24,8.263157894736842,0.0
358,2013-12-25,4.521739130434782,0.0
359,2013-12-26,5.285714285714286,0.0
360,2013-12-27,5.842105263157895,0.0
361,2013-12-28,7.090909090909091,0.0
362,2013-12-29,7.743589743589744,3.18
363,2013-12-30,6.409090909090909,0.0
364,2013-12-31,5.608695652173913,0.0
0,2014-01-01,5.541666666666667,0.0
1,2014-01-02,12.521739130434783,0.33999999999999997
2,2014-01-03,10.285714285714286,0.33
3,2014-01-04,4.291666666666667,0.0
4,2014-01-05,2.9375,0.3
5,2014-01-06,8.333333333333334,0.32
6,2014-01-07,13.083333333333334,0.0
7,2014-01-08,7.2272727272727275,0.0
8,2014-01-09,2.8636363636363638,0.0
9,2014-01-10,3.342857142857143,2.69
10,2014-01-11,6.647058823529412,0.75
11,2014-01-12,8.384615384615385,0.18
12,2014-01-14,4.7,0.4
13,2014-01-25,8.0,0.03
14,2014-01-29,6.0,0.04
15,2014-01-31,5.0,0.0
16,2014-02-01,3.5714285714285716,0.0
17,2014-02-02,3.0,0.0
18,2014-02-03,6.681818181818182,1.17
19,2014-02-04,2.3333333333333335,0.0
20,2014-02-05,7.238095238095238,1.43
21,2014-02-06,5.266666666666667,0.0
22,2014-02-07,6.818181818181818,0.0
23,2014-02-08,5.0,0.0
24,2014-02-09,3.6538461538461537,0.13999999999999999
25,2014-02-10,7.2272727272727275,0.0
26,2014-02-11,5.2631578947368425,0.0
27,2014-02-12,6.083333333333333,0.0
28,2014-02-13,12.454545454545455,3.0500000000000003
29,2014-02-14,10.25925925925926,0.47000000000000003
30,2014-02-15,8.136363636363637,0.13
31,2014-02-16,8.875,0.0
32,2014-02-17,5.304347826086956,0.0
33,2014-02-18,4.793103448275862,0.25
34,2014-02-19,4.76,0.38
35,2014-02-20,4.88,0.05
36,2014-02-21,6.3478260869565215,0.03
37,2014-02-22,7.315789473684211,0.0
38,2014-02-23,5.173913043478261,0.0
39,2014-02-24,9.26086956521739,0.0
40,2014-02-25,7.0,0.0
41,2014-02-26,4.761904761904762,0.08
42,2014-02-27,8.333333333333334,0.0
43,2014-02-28,4.608695652173913,0.0
44,2014-03-01,4.416666666666667,0.0
45,2014-03-02,3.9523809523809526,0.0
46,2014-03-03,6.619047619047619,0.03
47,2014-03-04,4.608695652173913,0.0
48,2014-03-05,4.958333333333333,0.0
49,2014-03-06,8.428571428571429,0.0
50,2014-03-07,7.833333333333333,0.0
51,2014-03-08,5.958333333333333,0.0
52,2014-03-09,6.2727272727272725,0.0
53,2014-03-10,5.3,0.0
54,2014-03-11,4.739130434782608,0.0
55,2014-03-12,5.486486486486487,0.81
56,2014-03-13,14.130434782608695,0.0
57,2014-03-14,5.541666666666667,0.0
58,2014-03-15,8.909090909090908,0.0
59,2014-03-16,7.619047619047619,0.0
60,2014-03-17,8.043478260869565,0.0
61,2014-03-18,7.083333333333333,0.0
62,2014-03-19,6.805555555555555,2.8
63,2014-03-20,8.0,0.0
64,2014-03-21,7.476190476190476,0.0
65,2014-03-22,6.916666666666667,0.0
66,2014-03-23,7.3,0.0
67,2014-03-24,6.6521739130434785,0.0
68,2014-03-25,5.875,0.0
69,2014-03-26,11.954545454545455,0.0
70,2014-03-27,6.739130434782608,0.0
71,2014-03-28,5.222222222222222,0.02
72,2014-03-29,11.948717948717949,2.96
73,2014-03-30,9.478260869565217,1.06
74,2014-03-31,9.0,0.21
75,2014-04-01,4.875,0.0
76,2014-04-02,1.875,0.0
77,2014-04-03,3.7916666666666665,0.07
78,2014-04-04,8.666666666666666,0.3
79,2014-04-05,8.391304347826088,0.0
80,2014-04-06,4.130434782608695,0.0
81,2014-04-07,7.27027027027027,1.1400000000000001
82,2014-04-08,6.384615384615385,0.33999999999999997
83,2014-04-09,6.913043478260869,0.0
84,2014-04-10,6.956521739130435,0.0
85,2014-04-11,6.041666666666667,0.0
86,2014-04-12,4.3478260869565215,0.0
87,2014-04-13,5.6521739130434785,0.0
88,2014-04-14,7.380952380952381,0.0
89,2014-04-15,9.090909090909092,1.6300000000000001
90,2014-04-16,7.5,0.05
91,2014-04-17,7.782608695652174,0.0
92,2014-04-18,5.434782608695652,0.0
93,2014-04-19,5.416666666666667,0.0
94,2014-04-20,6.083333333333333,0.0
95,2014-04-21,4.291666666666667,0.0
96,2014-04-22,5.590909090909091,0.01
97,2014-04-23,8.857142857142858,0.0
98,2014-04-24,8.476190476190476,0.0
99,2014-04-25,4.809523809523809,0.02
100,2014-04-26,5.351351351351352,2.69
101,2014-04-27,5.857142857142857,0.0
102,2014-04-28,4.181818181818182,0.0
103,2014-04-29,8.9,0.03
104,2014-04-30,8.291666666666666,10.99
105,2014-05-01,5.074074074074074,0.21
106,2014-05-02,4.142857142857143,0.0
107,2014-05-03,3.652173913043478,0.12000000000000001
108,2014-05-04,7.888888888888889,0.02
109,2014-05-05,7.238095238095238,0.0
110,2014-05-06,3.9565217391304346,0.0
111,2014-05-07,3.869565217391304,0.0
112,2014-05-08,3.7941176470588234,0.86
113,2014-05-09,3.28,0.12
114,2014-05-10,4.24,0.88
115,2014-05-11,3.1578947368421053,0.030000000000000002
116,2014-05-12,1.826086956521739,0.0
117,2014-05-13,7.125,0.0
118,2014-05-14,4.761904761904762,0.01
119,2014-05-15,4.5625,0.41000000000000003
120,2014-05-16,6.7,2.28
121,2014-05-17,5.0476190476190474,0.0
122,2014-05-18,5.7272727272727275,0.0
123,2014-05-19,4.619047619047619,0.0
124,2014-05-20,3.1904761904761907,0.0
125,2014-05-21,2.4545454545454546,0.0
126,2014-05-22,3.4545454545454546,0.36000000000000004
127,2014-05-23,3.973684210526316,2.0100000000000002
128,2014-05-24,3.1875,0.9700000000000001
129,2014-05-25,1.9166666666666667,0.0
130,2014-05-26,4.809523809523809,0.0
131,2014-05-27,4.086956521739131,0.0
132,2014-05-28,7.708333333333333,0.0
133,2014-05-29,4.454545454545454,0.0
134,2014-05-30,2.0,0.0
135,2014-05-31,5.6,0.11000000000000001
136,2014-06-01,3.608695652173913,0.0
137,2014-06-02,4.478260869565218,0.0
138,2014-06-03,3.6206896551724137,0.31
139,2014-06-04,3.625,0.0
140,2014-06-05,6.0,2.7800000000000002
141,2014-06-06,4.583333333333333,0.0
142,2014-06-07,2.739130434782609,0.0
143,2014-06-08,2.8636363636363638,0.0
144,2014-06-09,3.5714285714285716,3.55
145,2014-06-10,3.3333333333333335,0.0
146,2014-06-11,7.095238095238095,0.02
147,2014-06-12,5.375,0.14
148,2014-06-13,3.2916666666666665,3.89
149,2014-06-14,4.681818181818182,0.0
150,2014-06-15,4.173913043478261,0.0
151,2014-06-16,2.8260869565217392,0.0
152,2014-06-17,4.136363636363637,0.0
153,2014-06-18,5.904761904761905,0.0
154,2014-06-19,4.136363636363637,0.29
155,2014-06-20,4.409090909090909,0.0
156,2014-06-21,4.833333333333333,0.0
157,2014-06-22,1.9583333333333333,0.0
158,2014-06-23,2.619047619047619,0.0
159,2014-06-24,5.1,0.0
160,2014-06-25,4.5,0.18
161,2014-06-26,4.857142857142857,0.07
162,2014-06-27,3.142857142857143,0.0
163,2014-06-28,2.9565217391304346,0.0
164,2014-06-29,2.6956521739130435,0.0
165,2014-06-30,2.761904761904762,0.0
166,2014-07-01,5.2,0.0
167,2014-07-02,4.387096774193548,1.81
168,2014-07-03,3.3636363636363638,4.91
169,2014-07-04,5.333333333333333,0.19
170,2014-07-05,6.782608695652174,0.0
171,2014-07-06,4.904761904761905,0.0
172,2014-07-07,5.65,0.04
173,2014-07-08,3.9130434782608696,1.72
174,2014-07-09,4.166666666666667,0.36
175,2014-07-10,2.9130434782608696,0.0
176,2014-07-11,4.083333333333333,0.0
177,2014-07-12,3.227272727272727,0.0
178,2014-07-13,4.666666666666667,0.09
179,2014-07-14,3.1538461538461537,1.12
180,2014-07-15,2.4444444444444446,2.86
181,2014-07-16,3.590909090909091,0.0
182,2014-07-17,4.125,0.0
183,2014-07-20,3.9166666666666665,0.0
184,2014-07-21,1.7826086956521738,0.0
185,2014-07-22,3.782608695652174,0.0
186,2014-07-23,5.181818181818182,0.29
187,2014-07-24,4.761904761904762,0.0
188,2014-07-25,5.2,0.0
189,2014-07-26,4.25,0.0
190,2014-07-27,3.1904761904761907,0.02
191,2014-07-28,6.64,0.27
192,2014-07-29,4.956521739130435,0.0
193,2014-07-30,2.875,0.0
194,2014-07-31,3.263157894736842,0.0
195,2014-08-01,3.625,0.0
196,2014-08-02,5.9655172413793105,0.82
197,2014-08-03,2.037037037037037,0.16
198,2014-08-04,3.347826086956522,0.0
199,2014-08-05,2.4,0.0
200,2014-08-06,2.909090909090909,0.0
201,2014-08-07,4.173913043478261,0.0
202,2014-08-08,3.0833333333333335,0.0
203,2014-08-09,2.875,0.0
204,2014-08-10,2.875,0.0
205,2014-08-11,3.0526315789473686,0.0
206,2014-08-12,5.833333333333333,0.33
207,2014-08-13,5.966666666666667,0.41
208,2014-08-14,4.571428571428571,0.0
209,2014-08-15,5.260869565217392,0.0
210,2014-08-16,4.0,0.0
211,2014-08-17,3.5,0.01
212,2014-08-18,4.476190476190476,0.0
213,2014-08-19,3.909090909090909,0.0
214,2014-08-20,2.142857142857143,0.0
215,2014-08-21,3.3333333333333335,0.77
216,2014-08-22,4.7727272727272725,0.060000000000000005
217,2014-08-23,4.625,0.01
218,2014-08-24,3.1818181818181817,0.0
219,2014-08-25,2.8,0.0
220,2014-08-26,2.1666666666666665,0.0
221,2014-08-27,3.2083333333333335,0.0
222,2014-08-28,5.5,0.0
223,2014-08-29,3.238095238095238,0.0
224,2014-08-30,2.1904761904761907,0.0
225,2014-08-31,3.36,0.77
226,2014-09-01,2.9583333333333335,0.0
227,2014-09-02,5.217391304347826,0.0
228,2014-09-03,3.3636363636363638,0.0
229,2014-09-04,2.7142857142857144,0.0
230,2014-09-05,2.857142857142857,0.0
231,2014-09-06,4.590909090909091,0.18
232,2014-09-07,4.75,0.0
233,2014-09-08,7.75,0.0
234,2014-09-09,7.913043478260869,0.0
235,2014-09-10,5.826086956521739,0.0
236,2014-09-11,4.7368421052631575,0.0
237,2014-09-12,5.25,0.0
238,2014-09-13,4.243243243243243,0.74
239,2014-09-14,3.272727272727273,0.0
240,2014-09-15,2.9583333333333335,0.0
241,2014-09-16,2.5428571428571427,1.03
242,2014-09-17,2.7083333333333335,0.0
243,2014-09-18,2.5416666666666665,0.0
244,2014-09-19,7.625,0.0
245,2014-09-20,2.9523809523809526,0.0
246,2014-09-21,1.3793103448275863,0.45
247,2014-09-22,6.869565217391305,0.0
248,2014-09-23,1.8636363636363635,0.0
249,2014-09-24,5.625,0.0
250,2014-09-25,8.115384615384615,0.53
251,2014-09-26,4.375,0.0
252,2014-09-27,2.5,0.0
253,2014-09-28,1.6956521739130435,0.0
254,2014-09-29,0.7083333333333334,0.0
255,2014-09-30,4.545454545454546,0.0
256,2014-10-01,6.0,0.03
257,2014-10-02,4.791666666666667,0.0
258,2014-10-03,4.333333333333333,0.0
259,2014-10-04,5.117647058823529,1.98
260,2014-10-05,5.541666666666667,0.0
261,2014-10-06,3.857142857142857,0.0
262,2014-10-07,4.666666666666667,0.06
263,2014-10-08,7.0,0.02
264,2014-10-09,5.571428571428571,0.0
265,2014-10-10,2.347826086956522,0.0
266,2014-10-11,4.842105263157895,0.76
267,2014-10-12,2.6666666666666665,0.0
268,2014-10-13,2.4347826086956523,0.1
269,2014-10-14,4.75,0.0
270,2014-10-15,5.24,1.24
271,2014-10-16,3.9655172413793105,1.79
272,2014-10-17,4.578947368421052,0.0
273,2014-10-18,6.2727272727272725,0.0
274,2014-10-19,7.7,0.0
275,2014-10-20,3.9523809523809526,0.0
276,2014-10-21,3.8076923076923075,0.32
277,2014-10-22,8.2,2.95
278,2014-10-23,7.275862068965517,0.89
279,2014-10-24,4.619047619047619,0.0
280,2014-10-25,5.636363636363637,0.01
281,2014-10-26,7.904761904761905,0.0
282,2014-10-27,5.238095238095238,0.0
283,2014-10-28,2.8333333333333335,0.0
284,2014-10-29,5.05,0.0
285,2014-10-30,3.5217391304347827,0.0
286,2014-10-31,6.375,0.05
287,2014-11-01,8.466666666666667,0.29000000000000004
288,2014-11-02,10.727272727272727,0.0
289,2014-11-03,5.954545454545454,0.0
290,2014-11-04,4.7368421052631575,0.0
291,2014-11-05,4.545454545454546,0.0
292,2014-11-06,3.5517241379310347,0.6
293,2014-11-07,7.238095238095238,0.0
294,2014-11-08,6.086956521739131,0.0
295,2014-11-09,2.75,0.0
296,2014-11-10,2.4347826086956523,0.0
297,2014-11-11,3.2916666666666665,0.0
298,2014-11-12,2.6818181818181817,0.0
299,2014-11-13,4.038461538461538,0.29000000000000004
300,2014-11-14,7.444444444444445,0.02
301,2014-11-15,3.6666666666666665,0.0
302,2014-11-16,3.5,0.03
303,2014-11-17,2.433333333333333,3.41
304,2014-11-18,9.954545454545455,0.0
305,2014-11-19,7.05,0.0
306,2014-11-20,7.173913043478261,0.0
307,2014-11-21,7.590909090909091,0.0
308,2014-11-22,5.0,0.0
309,2014-11-23,3.75,0.0
310,2014-11-24,5.625,0.93
311,2014-11-25,5.086956521739131,0.0
312,2014-11-26,8.58974358974359,2.09
313,2014-11-27,5.318181818181818,0.05
314,2014-11-28,5.826086956521739,0.0
315,2014-11-29,3.652173913043478,0.0
316,2014-11-30,4.2272727272727275,0.0
317,2014-12-01,6.8,0.060000000000000005
318,2014-12-02,8.695652173913043,0.12
319,2014-12-03,7.85,0.06
320,2014-12-04,5.826086956521739,0.0
321,2014-12-05,5.27027027027027,1.11
322,2014-12-06,4.28,1.94
323,2014-12-07,11.826086956521738,0.04
324,2014-12-08,11.5,0.0
325,2014-12-09,11.565217391304348,5.46
326,2014-12-10,8.44,0.17
327,2014-12-11,7.55,0.02
328,2014-12-12,8.041666666666666,0.0
329,2014-12-13,8.73913043478261,0.0
330,2014-12-14,5.85,0.0
331,2014-12-15,2.75,0.0
332,2014-12-16,4.0344827586206895,0.36
333,2014-12-17,5.3478260869565215,0.04
334,2014-12-18,8.625,0.0
335,2014-12-19,7.217391304347826,0.0
336,2014-12-20,4.791666666666667,0.0
337,2014-12-21,4.6,0.0
338,2014-12-22,5.833333333333333,0.04
339,2014-12-23,7.851851851851852,0.32
340,2014-12-24,5.868421052631579,1.89
341,2014-12-25,9.041666666666666,0.15
342,2014-12-26,6.0,0.0
343,2014-12-27,4.291666666666667,0.0
344,2014-12-28,5.434782608695652,0.15
345,2014-12-29,5.291666666666667,0.0
346,2014-12-30,4.333333333333333,0.0
347,2014-12-31,5.363636363636363,0.0
0,2015-01-01,6.869565217391305,0.0
1,2015-01-02,7.0476190476190474,0.0
2,2015-01-03,6.391304347826087,1.54
3,2015-01-04,5.8,0.5499999999999999
4,2015-01-05,10.409090909090908,0.0
5,2015-01-06,3.9565217391304346,0.08
6,2015-01-07,12.681818181818182,0.0
7,2015-01-08,8.727272727272727,0.0
8,2015-01-09,8.538461538461538,0.25
9,2015-01-10,7.956521739130435,0.0
10,2015-01-11,6.043478260869565,0.0
11,2015-01-12,3.5483870967741935,0.86
12,2015-01-13,8.565217391304348,0.0
13,2015-01-14,6.333333333333333,0.0
14,2015-01-15,4.7727272727272725,0.0
15,2015-01-16,9.681818181818182,0.0
16,2015-01-17,6.043478260869565,0.0
17,2015-01-18,3.111111111111111,4.03
18,2015-01-19,7.608695652173913,0.0
19,2015-01-20,5.782608695652174,0.0
20,2015-01-21,4.375,0.0
21,2015-01-22,5.478260869565218,0.0
22,2015-01-23,5.7727272727272725,0.0
23,2015-01-24,5.735294117647059,1.07
24,2015-01-25,6.291666666666667,0.0
25,2015-01-26,13.571428571428571,0.66
26,2015-01-27,8.428571428571429,0.53
27,2015-01-28,7.666666666666667,0.0
28,2015-01-29,3.909090909090909,0.03
29,2015-01-30,9.571428571428571,0.16
30,2015-01-31,12.181818181818182,0.0
31,2015-02-01,3.72,0.07
32,2015-02-02,9.886363636363637,2.0300000000000002
33,2015-02-03,7.2272727272727275,0.0
34,2015-02-04,4.25,0.0
35,2015-02-05,8.285714285714286,0.0
36,2015-02-06,7.142857142857143,0.0
37,2015-02-07,3.869565217391304,0.030000000000000002
38,2015-02-08,8.541666666666666,0.0
39,2015-02-09,10.782608695652174,0.09
40,2015-02-10,10.55,0.02
41,2015-02-11,6.478260869565218,0.0
42,2015-02-12,7.190476190476191,0.0
43,2015-02-13,9.083333333333334,0.0
44,2015-02-14,4.722222222222222,0.02
45,2015-02-15,14.695652173913043,0.0
46,2015-02-16,6.913043478260869,0.0
47,2015-02-17,4.884615384615385,0.2
48,2015-02-18,4.25,0.0
49,2015-02-19,11.363636363636363,0.0
50,2015-02-20,10.291666666666666,0.0
51,2015-02-21,4.852941176470588,0.88
52,2015-02-22,2.2857142857142856,0.27
53,2015-02-23,11.0,0.0
54,2015-02-24,5.875,0.0
55,2015-02-25,6.304347826086956,0.0
56,2015-02-26,7.041666666666667,0.0
57,2015-02-27,6.15,0.0
58,2015-02-28,3.6818181818181817,0.0
59,2015-03-01,1.4864864864864864,1.1400000000000001
60,2015-03-02,7.913043478260869,0.0
61,2015-03-03,5.548387096774194,0.97
62,2015-03-04,5.310344827586207,0.45
63,2015-03-05,5.883720930232558,1.26
64,2015-03-06,6.260869565217392,0.0
65,2015-03-07,5.043478260869565,0.0
66,2015-03-08,5.043478260869565,0.0
67,2015-03-09,4.809523809523809,0.01
68,2015-03-10,3.111111111111111,0.93
69,2015-03-11,6.75,0.01
70,2015-03-12,8.08695652173913,0.0
71,2015-03-13,6.478260869565218,0.0
72,2015-03-14,5.724137931034483,1.2
73,2015-03-15,11.173913043478262,0.0
74,2015-03-16,4.0,0.0
75,2015-03-17,10.444444444444445,0.01
76,2015-03-18,9.409090909090908,0.0
77,2015-03-19,5.913043478260869,0.0
78,2015-03-20,8.44,0.45
79,2015-03-21,5.0476190476190474,0.0
80,2015-03-22,7.454545454545454,0.0
81,2015-03-23,6.681818181818182,0.0
82,2015-03-24,3.875,0.0
83,2015-03-25,4.130434782608695,0.06
84,2015-03-26,4.103448275862069,0.8500000000000001
85,2015-03-27,4.620689655172414,0.5
86,2015-03-28,7.7727272727272725,0.0
87,2015-03-29,6.363636363636363,0.0
88,2015-03-30,7.904761904761905,0.0
89,2015-03-31,5.642857142857143,0.33
90,2015-04-01,5.083333333333333,0.0
91,2015-04-02,6.181818181818182,0.0
92,2015-04-03,6.15,0.05
93,2015-04-04,9.636363636363637,0.01
94,2015-04-05,4.809523809523809,0.0
95,2015-04-06,4.333333333333333,0.0
96,2015-04-07,7.304347826086956,0.24000000000000002
97,2015-04-08,11.25,0.0
98,2015-04-09,8.916666666666666,0.0
99,2015-04-10,4.517241379310345,0.47
100,2015-04-11,8.521739130434783,0.0
101,2015-04-12,3.3333333333333335,0.0
102,2015-04-13,4.739130434782608,0.0
103,2015-04-14,3.9583333333333335,0.01
104,2015-04-15,6.190476190476191,0.0
105,2015-04-16,6.565217391304348,0.0
106,2015-04-17,5.238095238095238,0.16
107,2015-04-18,4.260869565217392,0.0
108,2015-04-19,8.409090909090908,0.0
109,2015-04-20,7.166666666666667,2.4
110,2015-04-21,5.416666666666667,0.38
111,2015-04-22,6.363636363636363,0.05
112,2015-04-23,9.041666666666666,0.0
113,2015-04-24,8.526315789473685,0.0
114,2015-04-25,5.714285714285714,0.0
115,2015-04-26,5.260869565217392,0.0
116,2015-04-27,6.0,0.0
117,2015-04-28,7.782608695652174,0.0
118,2015-04-29,5.541666666666667,0.0
119,2015-04-30,7.826086956521739,0.0
120,2015-05-01,5.208333333333333,0.0
121,2015-05-02,3.0,0.0
122,2015-05-03,2.4782608695652173,0.0
123,2015-05-04,5.217391304347826,0.0
124,2015-05-05,3.9565217391304346,0.0
125,2015-05-06,4.571428571428571,0.0
126,2015-05-07,2.3043478260869565,0.0
127,2015-05-08,2.9565217391304346,0.0
128,2015-05-09,4.375,0.0
129,2015-05-10,3.4761904761904763,0.0
130,2015-05-11,3.9,0.0
131,2015-05-12,5.368421052631579,0.0
132,2015-05-13,7.2727272727272725,0.0
133,2015-05-14,3.909090909090909,0.0
134,2015-05-15,3.2857142857142856,0.0
135,2015-05-16,2.413793103448276,0.63
136,2015-05-17,1.4814814814814814,0.07
137,2015-05-18,4.608695652173913,0.0
138,2015-05-19,2.4,0.0
139,2015-05-20,6.588235294117647,0.0
140,2015-05-21,2.5,0.0
141,2015-05-22,5.956521739130435,0.0
142,2015-05-23,4.5,0.0
143,2015-05-24,3.9,0.0
144,2015-05-25,4.833333333333333,0.0
145,2015-05-26,5.25,0.0
146,2015-05-27,5.421052631578948,0.08
147,2015-05-28,3.9583333333333335,0.0
148,2015-05-29,4.166666666666667,0.0
149,2015-05-30,5.521739130434782,0.0
150,2015-05-31,5.27027027027027,3.64
151,2015-06-01,9.833333333333334,1.45
152,2015-06-02,6.392857142857143,0.45
153,2015-06-03,4.75,0.0
154,2015-06-04,5.291666666666667,0.0
155,2015-06-05,2.3529411764705883,0.43
156,2015-06-06,4.04,0.5700000000000001
157,2015-06-07,3.8421052631578947,0.0
158,2015-06-08,5.809523809523809,0.06
159,2015-06-09,4.954545454545454,0.01
160,2015-06-10,3.227272727272727,0.0
161,2015-06-11,4.5,0.0
162,2015-06-12,4.608695652173913,0.0
163,2015-06-13,5.333333333333333,0.0
164,2015-06-14,2.1785714285714284,0.57
165,2015-06-15,4.473684210526316,1.77
166,2015-06-16,2.0357142857142856,0.5700000000000001
167,2015-06-17,3.8,0.0
168,2015-06-18,3.6363636363636362,0.0
169,2015-06-19,3.5,0.0
170,2015-06-20,5.318181818181818,0.0
171,2015-06-21,4.024390243902439,2.1
172,2015-06-22,4.958333333333333,0.0
173,2015-06-23,6.05,0.02
174,2015-06-24,4.6521739130434785,0.0
175,2015-06-25,3.1666666666666665,0.0
176,2015-06-26,4.583333333333333,0.0
177,2015-06-27,7.897435897435898,2.6
178,2015-06-28,7.037037037037037,0.6
179,2015-06-29,4.863636363636363,0.0
180,2015-06-30,5.0,0.08
181,2015-07-01,4.708333333333333,1.47
182,2015-07-02,1.125,0.0
183,2015-07-03,2.8260869565217392,0.0
184,2015-07-04,3.238095238095238,0.0
185,2015-07-05,1.4090909090909092,0.0
186,2015-07-06,3.0,0.0
187,2015-07-07,4.37037037037037,0.44
188,2015-07-08,3.3181818181818183,0.0
189,2015-07-09,4.555555555555555,0.68
190,2015-07-10,4.5,0.0
191,2015-07-11,2.409090909090909,0.0
192,2015-07-12,1.9130434782608696,0.0
193,2015-07-13,2.625,0.0
194,2015-07-14,2.5,2.22
195,2015-07-15,3.9642857142857144,0.48
196,2015-07-16,5.625,0.0
197,2015-07-17,3.9047619047619047,0.0
198,2015-07-18,4.375,0.6
199,2015-07-19,3.0833333333333335,0.0
200,2015-07-20,4.619047619047619,0.0
201,2015-07-21,2.608695652173913,0.0
202,2015-07-22,5.958333333333333,0.0
203,2015-07-23,3.75,0.0
204,2015-07-24,2.1739130434782608,0.0
205,2015-07-25,3.260869565217391,0.0
206,2015-07-26,4.55,0.0
207,2015-07-27,2.85,0.72
208,2015-07-28,2.652173913043478,0.0
209,2015-07-29,3.739130434782609,0.0
210,2015-07-30,3.611111111111111,4.01
211,2015-07-31,3.238095238095238,0.0
212,2015-08-01,4.333333333333333,0.0
213,2015-08-02,2.0454545454545454,0.0
214,2015-08-03,4.9523809523809526,0.0
215,2015-08-04,5.16,1.87
216,2015-08-05,2.85,0.0
217,2015-08-06,1.875,0.0
218,2015-08-07,5.333333333333333,0.0
219,2015-08-08,3.9166666666666665,0.0
220,2015-08-09,3.8260869565217392,0.0
221,2015-08-10,4.428571428571429,0.0
222,2015-08-11,4.457142857142857,3.81
223,2015-08-12,4.565217391304348,0.0
224,2015-08-13,3.1818181818181817,0.0
225,2015-08-14,2.8636363636363638,0.0
226,2015-08-15,3.3043478260869565,0.0
227,2015-08-16,1.5,0.0
228,2015-08-17,3.2916666666666665,0.0
229,2015-08-18,4.0,0.42
230,2015-08-19,4.0,0.0
231,2015-08-20,5.526315789473684,0.0
232,2015-08-21,3.962962962962963,0.46
233,2015-08-22,4.458333333333333,0.0
234,2015-08-23,4.0,0.0
235,2015-08-24,2.347826086956522,0.0
236,2015-08-25,4.0,0.0
237,2015-08-26,3.909090909090909,0.0
238,2015-08-27,3.227272727272727,0.0
239,2015-08-28,2.347826086956522,0.0
240,2015-08-29,1.9583333333333333,0.0
241,2015-08-30,4.4,0.35
242,2015-08-31,4.391304347826087,0.0
243,2015-09-01,2.2916666666666665,0.0
244,2015-09-02,1.565217391304348,0.0
245,2015-09-03,2.130434782608696,0.0
246,2015-09-04,6.782608695652174,0.0
247,2015-09-05,4.304347826086956,0.0
248,2015-09-06,1.2857142857142858,0.0
249,2015-09-07,4.181818181818182,0.0
250,2015-09-08,4.6521739130434785,0.0
251,2015-09-09,3.736842105263158,0.0
252,2015-09-10,5.816326530612245,2.64
253,2015-09-11,5.083333333333333,0.0
254,2015-09-12,4.173913043478261,0.9
255,2015-09-13,6.3478260869565215,0.1
256,2015-09-14,6.476190476190476,0.0
257,2015-09-15,2.1739130434782608,0.0
258,2015-09-16,1.391304347826087,0.0
259,2015-09-17,2.2857142857142856,0.0
260,2015-09-18,2.0833333333333335,0.0
261,2015-09-19,2.6842105263157894,0.0
262,2015-09-20,7.739130434782608,0.0
263,2015-09-21,7.583333333333333,0.0
264,2015-09-22,7.041666666666667,0.0
265,2015-09-23,2.875,0.0
266,2015-09-24,4.291666666666667,0.0
267,2015-09-25,6.291666666666667,0.0
268,2015-09-26,6.083333333333333,0.0
269,2015-09-27,4.833333333333333,0.0
270,2015-09-28,3.3043478260869565,0.0
271,2015-09-29,2.230769230769231,0.26
272,2015-09-30,8.153846153846153,2.32
273,2015-10-01,8.681818181818182,0.09000000000000001
274,2015-10-02,12.617647058823529,1.9000000000000001
275,2015-10-03,12.03125,0.63
276,2015-10-04,10.625,0.0
277,2015-10-05,6.291666666666667,0.0
278,2015-10-06,1.625,0.0
279,2015-10-07,2.7916666666666665,0.0
280,2015-10-08,3.375,0.0
281,2015-10-09,4.392857142857143,2.16
282,2015-10-10,2.391304347826087,0.0
283,2015-10-11,3.739130434782609,0.0
284,2015-10-12,3.8260869565217392,0.0
285,2015-10-13,3.8,0.01
286,2015-10-14,3.909090909090909,0.0
287,2015-10-15,4.090909090909091,0.0
288,2015-10-16,5.428571428571429,0.0
289,2015-10-17,5.904761904761905,0.0
290,2015-10-18,4.909090909090909,0.0
291,2015-10-19,3.772727272727273,0.0
292,2015-10-20,6.105263157894737,0.0
293,2015-10-21,2.347826086956522,0.0
294,2015-10-22,4.739130434782608,0.0
295,2015-10-23,6.7272727272727275,0.0
296,2015-10-24,4.190476190476191,0.0
297,2015-10-25,4.833333333333333,0.14
298,2015-10-26,3.875,0.0
299,2015-10-27,4.333333333333333,0.0
300,2015-10-28,6.808510638297872,2.8200000000000003
301,2015-10-29,6.666666666666667,0.03
302,2015-10-30,6.0,0.0
303,2015-10-31,3.0,0.0
304,2015-11-01,5.090909090909091,0.0
305,2015-11-02,2.0416666666666665,0.0
306,2015-11-03,2.4782608695652173,0.0
307,2015-11-04,2.4583333333333335,0.0
308,2015-11-05,1.6666666666666667,0.03
309,2015-11-06,4.7,0.0
310,2015-11-07,4.318181818181818,0.0
311,2015-11-08,3.5454545454545454,0.0
312,2015-11-09,1.9166666666666667,0.0
313,2015-11-10,9.93939393939394,0.48000000000000004
314,2015-11-11,4.925925925925926,0.89
315,2015-11-12,5.315789473684211,0.01
316,2015-11-13,10.761904761904763,0.0
317,2015-11-14,7.863636363636363,0.0
318,2015-11-15,4.7368421052631575,0.0
319,2015-11-16,4.090909090909091,0.0
320,2015-11-17,6.291666666666667,0.0
321,2015-11-18,5.090909090909091,0.0
322,2015-11-19,6.0,2.24
323,2015-11-20,5.818181818181818,0.0
324,2015-11-21,6.368421052631579,0.0
325,2015-11-22,6.0588235294117645,0.03
326,2015-11-23,5.714285714285714,0.0
327,2015-11-24,3.9130434782608696,0.0
328,2015-11-25,2.75,0.0
329,2015-11-26,2.9583333333333335,0.0
330,2015-11-30,5.888888888888889,0.0
331,2015-12-01,6.434782608695652,0.4
332,2015-12-02,3.263157894736842,0.12
333,2015-12-03,8.227272727272727,0.0
334,2015-12-04,4.25,0.0
335,2015-12-05,2.0833333333333335,0.0
336,2015-12-06,3.3181818181818183,0.0
337,2015-12-07,3.739130434782609,0.0
338,2015-12-08,4.5,0.0
339,2015-12-09,4.086956521739131,0.0
340,2015-12-10,4.136363636363637,0.0
341,2015-12-11,4.636363636363637,0.0
342,2015-12-12,1.826086956521739,0.0
343,2015-12-13,3.4166666666666665,0.0
344,2015-12-14,4.777777777777778,0.62
345,2015-12-15,10.4,0.18
346,2015-12-16,5.166666666666667,0.05
347,2015-12-17,5.0,2.11
348,2015-12-18,6.523809523809524,0.0
349,2015-12-19,9.272727272727273,0.0
350,2015-12-20,5.9523809523809526,0.0
351,2015-12-21,7.285714285714286,0.0
352,2015-12-22,4.833333333333333,0.42000000000000004
353,2015-12-23,4.844444444444444,4.5600000000000005
354,2015-12-24,4.318181818181818,0.02
355,2015-12-25,0.5,0.01
356,2015-12-26,8.238095238095237,0.0
357,2015-12-27,5.521739130434782,0.17
358,2015-12-28,8.15,0.03
359,2015-12-29,7.303030303030303,0.93
360,2015-12-30,4.115384615384615,0.29000000000000004
361,2015-12-31,5.375,0.08
